252,The Great Dismal,Nothing,2020,10,30
251,Visions of Bodies Being Burned,clipping.,2020,10,23
250,Pet Sounds,The Beach Boys,1966,5,16
249,Ultra Mono,IDLES,2020,9,25
248,The Universal Want,Doves,2020,9,11
247,Nothing as the Ideal,All Them Witches,2020,9,4
246,Inner Song,Kelly Lee Owens,2020,8,28
245,King's Disease,Nas,2020,8,21
244,Fresh Fruit for Rotting Vegetables,Dead Kennedys,1980,9,2
243,Dreamland,Glass Animals,2020,8,7
242,After the Gold Rush,Neil Young,1970,9,19
241,Lianne La Havas,Lianne La Havas,2020,7,17
240,Parachutes,Coldplay,2000,7,10
239,Mordechai,Khruangbin,2020,6,26
238,Rough and Rowdy Ways,Bob Dylan,2020,6,19
237,To Love Is to Live,Jehnny Beth,2020,6,12
236,Run the Jewels 4,Run the Jewels,2020,6,3
235,The Moon & Antarctica,Modest Mouse,2000,6,13
234,grae,Moses Sumney,2020,5,15
233,The Man Machine,Kraftwerk,1978,5,19
232,Cosmogramma,Flying Lotus,2010,5,3
231,The Sophtware Slump,Grandaddy,2000,5,29
230,Earth,EOB,2020,4,17
229,Song for Our Daughter,Laura Marling,2020,4,10
228,It Is What It Is,Thundercat,2020,4,3
227,Saint Cloud,Waxahatchee,2020,3,27
226,Meet the Be Sharps,The Be Sharps,1996,12,1
225,Uneasy Laughter,Moaning,2020,3,20
224,A Written Testimony,Jay Electronica,2020,3,13
223,Plastic Beach,Gorillaz,2010,3,3
222,To Bring You My Love,PJ Harvey,1995,2,27
221,The Slow Rush,Tame Impala,2020,2,14
220,Unknown Pleasures,Joy Division,1979,6,15
219,Be Up A Hello,Squarepusher,2020,1,31
218,There Is No Year,Algiers,2020,1,17
217,Paranoid,Black Sabbath,1970,9,18
216,Madgelene,FKA twigs,2019,11,8
215,Let England Shake,PJ Harvey,2011,2,14
214,Vols. 11 & 12,Desert Sessions,2019,10,25
213,There Existed an Addiction to Blood,clipping.,2019,10,18
212,Sonic Citadel,Lightning Bolt,2019,10,11
211,Ghosteen,Nick Cave & the Bad Seeds,2019,10,4
210,Pretty Hate Machine,Nine Inch Nails,1989,10,20
209,Abbey Road,The Beatles,1969,9,26
208,All of My Heroes are Cornballs,JPEGMAFIA,2019,9,13
207,Lost Girls,Bat for Lashes,2019,9,6
206,Fear Inoculum,TOOL,2019,8,30
205,Lover,Taylor Swift,2019,8,23
204,Animated Violence Mild,Blanck Mass,2019,8,16
203,Adventures of a Reluctant Superhero,Chali 2na & Krafti Kuts,2019,8,9
202,Elvis Presley,Elvis Presley,1956,3,23
201,Weather,Tycho,2019,7,12
200,Disintegration,The Cure,1989,5,2
199,Anima ,Thom Yorke,2019,6,27
198,�g�tis byrjun,Sigur R�s,1999,6,12
197,Gold & Grey,Baroness,2019,6,14
196,The Real Thing,Faith No More,1989,6,20
195,ZUU,Denzel Curry,2019,5,31
194,Murder the Mountains,Red Fang,2011,4,12
193,IGOR,"Tyler, The Creator",2019,5,17
192,Anoyo,Tim Hecker,2019,5,10
191,Father of the Bride,Vampire Weekend,2019,5,3
190,Let Love In,Nick Cave & the Bad Seeds,1994,4,18
189,The Stone Roses,The Stone Roses,1989,5,2
188,Ventura,Anderson .Paak,2019,5,12
187,Titanic Rising,Weyes Blood,2019,4,5
186,Strange Creatures,Drenge,2019,2,22
185,LP5,Apparat,2019,3,22
184,Two Suns,Bat for Lashes,2009,4,1
183,Everything Not Saved Will Be Lost - Part 1,Foals,2019,3,8
182,When I Get Home,Solange,2019,3,1
181,Crushing,Julia Jacklin,2019,2,22
180,The College Dropout,Kanye West,2004,2,8
179,Vol. 4 :: Slaves of Fear,HEALTH,2019,2,8
178,Things Fall Apart,The Roots,1999,2,23
177,The Specials,The Specials,1979,10,19
176,Assume Form,James Blake,2019,1,18
175,Hunky Dory,David Bowie,1971,12,17
174,Let It Bleed,The Rolling Stones,1969,12,5
173,Toxicity,System of a Down,2001,8,27
172,Midnight Marauders,A Tribe Called Quest,1993,11,9
171,FM!,Vince Staples,2018,11,2
170,Honey,Robyn,2018,10,26
169,Broken Politics,Neneh Cherry,2018,10,19
168,Bottle It In,Kurt Vile,2018,10,12
167,Queens of the Stone Age,Queens of the Stone Age,1998,9,22
166,Daydream Nation,Sonic Youth,1988,10,18
165,>>>,BEAK>,2018,9,21
164,Double Negative,Low,2018,9,14
163,And Nothing Hurt,Spiritualized,2018,9,7
162,Joy as an Act of Resistance,IDLES,2018,8,31
161,Antidotes,Foals,2008,3,24
160,Smote Reverser,Oh Sees,2018,8,17
159,Straight Outta Compton,N.W.A.,1988,8,8
158,Hounds of Love,Kate Bush,1985,9,16
157,Psyence Fiction,UNKLE,1998,8,24
156,Hive Mind,The Internet,2018,7,20
155,Shades of Deep Purple,Deep Purple,1968,7,17
154,Debut,Bjork,1993,7,5
153,Hello Nasty,Beastie Boys,1998,7,14
152,Bad Witch,Nine Inch Nails,2018,6,22
151,OIL OF EVERY PEARL'S UN-INSIDES,SOPHIE,2018,6,15
150,Different Class,Pulp,1995,10,30
149,Age Of,Oneohtrix Point Never,2018,6,1
148,Darkness on the Edge of Town,Bruce Springsteen,1978,6,2
147,Tell Me How You Really Feel,Courtney Barnett,2018,5,18
146,Tranquility Base Hotel & Casino,Arctic Monkeys,2018,5,11
145,Singularity,Jon Hopkins,2018,5,4
144,Dirty Computer,Janelle Mon�e,2018,4,27
143,Modern Life is Rubbish,Blur,1993,5,10
142,Music Has the Right to Children,Boards of Canada,1998,4,20
141,The Deconstruction,Eels,2018,4,6
140,Moon Safari,Air,1998,1,16
139,Can I Borrow a Feeling?,Kirk Van Houten,1996,12,1
138,Boarding House Reach,Jack White,2018,3,23
137,There's a Riot Going On,Yo La Tengo,2018,3,16
136,American Utopia,David Bryne,2018,3,9
135,Knowing What You Know Now,Marmozets,2018,1,26
134,Kind of Blue,Miles Davis,1959,8,17
133,Richard D. James Album,Aphex Twin,1996,11,4
132,Little Dark Age,MGMT,2018,2,9
131,This Nation's Saving Grace,The Fall,1985,9,23
130,Freedom's Goblin,Ty Segall,2018,1,26
129,Ruins,First Aid Kit,2018,1,19
128,Led Zeppelin,Led Zeppelin,1969,1,12
127,The Marshall Mather LP,Eminem,2000,5,23
126,Utopia,Bjork,2017,11,24
125,Romaplasm,Baths,2017,11,17
124,Sound of Silver,LCD Soundsystem,2007,3,12
123,Highway 61 Revisited,Bob Dylan,1965,8,30
122,Rocket to Russia,Ramones,1977,11,4
121,News of the World,Queen,1977,10,28
120,Masseducation,St. Vincent,2017,10,13
119,Heaven Upside Down,Marilyn Manson,2017,10,6
118,Visions of a Life,Wolf Alice,2017,9,29
117,Luciferian Towers,Godspeed You! Black Emperor,2017,9,22
116,Urban Hymns,The Verve,1997,9,29
115,Mountain Moves,Deerhoof,2017,9,8
114,Every Country's Sun,Mogwai,2017,9,1
113,Villains,Queens of the Stone Age,2017,8,25
112,Painted Ruins,Grizzly Bear,2017,8,18
111,F? A? ?,Godspeed You! Black Emperor,1997,8,14
110,Bad,Michael Jackson,1987,8,31
109,Everything Now,Arcade Fire,2017,7,28
108,Flower Boy,"Tyler, the Creator",2017,7,21
107,My Aim Is True,Elvis Costello,1977,7,22
106,Something to Tell You,Haim,2017,7,7
105,The Fat of the Land,The Prodigy,1997,6,30
104,Big Fish Theory,Vince Staples,2017,6,23
103,How Did We Get So Dark?,Royal Blood,2017,6,16
102,Definitely Maybe,Oasis,1994,8,29
101,Relaxer,Alt-J,2017,6,2
100,Doolittle,Pixies,1989,4,17
99,Superunknown,Soundgarden,1994,3,8
98,Ambient 1: Music for Airports,Brian Eno,1978,3,1
97,Run the Jewels 2,Run the Jewels,2014,10,24
96,Humanz,Gorillaz,2017,4,28
95,Because of the Times,Kings of Leon,2007,3,30
94,DAMN.,Kendrick Lamar,2017,4,14
93,Belong,San Fermin,2017,4,7
92,In Utero,Nirvana,1993,9,21
91,From Deewee,Soulwax,2017,3,24
90,Songs in the Key of Life,Stevie Wonder,1976,9,28
89,Semper Femina,Laura Marling,2017,3,10
88,Last Place,Grandaddy,2017,3,3
87,Drunk,Thundercat,2017,2,24
86,Favourite Worst Nightmare,Arctic Monkeys,2007,4,18
85,"Hissing Fauna, Are You the Destroyer?",Of Montreal,2007,1,23
84,Little Fictions,Elbow,2017,2,2
83,Homogenic,Bjork,1997,9,22
82,"""Awaken, My Love!""",Childish Gambino,2016,12,2
81,Out of Time,R.E.M.,1991,3,12
80,Woman,Justice,2016,11,18
79,We Got It From Here� Thank You 4 Your Service,A Tribe Called Quest,2016,11,11
78,Surrealistic Pillow,Jefferson Airplane,1967,2,1
77,Yoshimi Battles the Pink Robots,The Flaming Lips,2002,7,16
76,Joanne,Lady Gaga,2016,10,21
75,Dissociation,The Dillinger Escape Plan,2016,10,14
74,A Seat at the Table,Solange,2016,9,30
73,"22, A Million",Bon Iver,2016,9,30
72,Preoccupations,Preoccupations,2016,9,16
71,Skeleton Tree,Nick Cave & the Bad Seeds,2016,9,9
70,AIM,M.I.A.,2016,9,9
69,Channel Orange,Frank Ocean,2012,7,20
68,Blonde,Frank Ocean,2016,8,20
67,Based on a True Story,Fat Freddy's Drop,2005,5,2
66,Gish,Smashing Pumpkins,1991,5,28
65,Daisies of the Galaxy,Eels,2000,2,29
64,Discovery,Daft Punk,2001,2,26
63,G. Love & Special Sauce,G. Love and Special Sauce,1994,5,10
62,Electric Ladyland,Jimi Hendrix,1968,10,16
61,Wildflower,The Avalanches,2016,7,1
60,The Bride,Bat for Lashes,2016,7,1
59,Remain In Light,Talking Heads,1980,10,8
58,The Glowing Man,Swans,2016,6,17
57,Illmatic,Nas,1994,4,19
56,Something Blue,Rob Heron and the Teapad Orchestra,2016,6,3
55,OK Computer,Radiohead,1997,6,16
54,A Moon Shaped Pool,Radiohead,2016,5,8
53,The Colour in Anything,James Blake,2016,5,6
52,Purple Rain,Prince,1984,7,27
51,Gore,Deftones,2016,4,8
50,The Hope Six Demolition Project,PJ Harvey,2016,4,15
49,Free the Universe,Major Lazer,2013,4,16
48,Atomic,Mogwai,2016,4,1
47,The Eraser,Thom Yorke,2006,7,10
46,Post Pop Depression,Iggy Pop,2016,3,18
45,Jarvis,Jarvis Cocker,2006,11,13
44,untitled unmastered.,Kendrick Lamar,2016,3,4
43,John Lennon/Plastic Ono Band,John Lennon,1970,12,11
42,The Life of Pablo,Kanye West,2016,2,14
41,Dummy,Portishead,1994,8,22
40,MartyrLoserKing,Saul Williams,2016,1,29
39,Funeral,Arcade Fire,2004,9,14
38,Adore Life,Savages,2016,1,22
37,Weezer (Blue),Weezer,1994,5,10
36,Blackstar,David Bowie,2016,1,8
35,�Like Clockwork,Queens of the Stone Age,2013,5,31
34,25,Adele,2015,11,20
33,Overgrown,James Blake,2013,4,5
32,Garden of Delete,Oneohtrix Point Never,2015,11,13
31,St. Vincent,St. Vincent,2014,2,24
30,Divers,Joanna Newsom,2015,10,23
29,18,Moby,2002,5,14
28,Sexwitch,Sexwitch,2015,9,25
27,First Impressions of Earth,The Strokes,2006,1,3
26,Compton,Dr Dre,2015,8,7
25,9,Public Image Ltd,1989,5,10
24,Blood,Lianne La Havas,2015,7,31
23,Low,David Bowie,1977,1,14
22,My Love Is Cool,Wolf Alice,2015,6,22
21,Exodus,Bob Marley & The Wailers,1977,6,3
20,Starfire,Jaga Jazzist,2015,5,29
19,On the Beach,Neil Young,1974,7,16
18,Drones,Muse,2015,6,5
17,Origin of Symmetry,Muse,2001,7,17
16,Jackrabbit,San Fermin,2015,2,24
15,Revolver,The Beatles,1966,8,5
14,The Magic Whip,Blur,2015,4,27
13,Demon Days,Gorillaz,2005,5,11
12,Damogen Furies,Squarepusher,2015,4,20
11,The Joshua Tree,U2,1987,3,9
10,The Powers that B,Death Grips,2015,3,31
9,"Power, Corruption & Lies",New Order,1983,5,2
8,To Pimp a Butterfly,Kendrick Lamar,2015,3,15
7,Rain Dogs,Tom Waits,1985,9,30
6,The Downward Spiral,Nine Inch Nails,1994,3,8
5,The Dark Side of the Moon,Pink Floyd,1973,3,1
4,Arthur (Or the Decline and Fall of the British Empire),The Kinks,1969,10,10
3,Ladies and Gentlemen We Are Floating in Space,Spiritualised,1997,6,16
2,Dig Your Own Hole,Chemical Brothers,1997,4,7
1,Bossanova,Pixies,1990,8,13
